"宣传部,n,Dm07,市政府,n,Dm01,办公厅,n,Dm01,等,u,Dn08,主办,v,Hc09,的,u,Bo29,题,n,Hg11,为,v,Ih01",0
"的,u,Bo29,地方,n,Cb15,部门,n,Di09,和,c,Hh04,要,v,Ag04,发扬,v,Hj16,扶贫济困,l,-1,的,u,Bo29",0
"政策,n,Di09,同,p,Jb01,本地,r,Cb15,本,r,Ed61,的,u,Bo29,实际,n,Da01,紧密,ad,Ed34,结合,v,Ie02",0
"拉萨,ns,Cb25,街头,s,Cb20,各,r,Ed61,机关,n,Da01,的,u,Bo29,大门口,s,-1,都,d,Cb25,挂,v,Dn08",0
"中国,ns,Di02,油画,n,Dk31,学会,na,Di10,等,u,Dn08,主办,v,Hc09,现,Tg,Jd06,在,p,Jd02,深圳,ns,Cb25",0
"违章,vn,Hj65,车辆,n,Bo21,号码,n,Dk04,车主,n,Aj11,住址,n,Cb08,及,c,Je12,联系,vn,Ie02,方法,n,Db09",0
"评为,v,Hc20,精神文明,n,Dk01,建设,vn,Ie12,先进,a,Ee37,涌现,v,Jd06,出,v,Jd07,一百七十,m,-1,多,m,Ih05",0
"居民,n,Ad01,多,m,Ih05,家,q,Al02,企事业,n,Di18,建堤,v,-1,架桥,v,Hd01,筑坝,v,-1,疏淤,v,-1",0
"一,m,Ka16,张,q,Dn08,发票,n,Bp19,的,u,Bo29,名称栏,n,-1,上,f,Hj63,写,v,Hi13,的,u,Bo29",0
"工作,vn,Ae01,上海,ns,Cb25,西部,f,Cb02,企业,n,Dm03,集团,n,Hj30",0
"厂矿,j,Dm03,等,u,Dn08,多,m,Ih05,个,q,Dn08,宣传,v,Hc12,十五大,j,-1,精神,n,Dk01",0
"知识,n,Dk02,恰当,ad,Ed49,评价,v,Hc20,经营,vn,Hc02,经理,n,Af10,的,u,Bo29,建议,n,Hc14,与,c,Je05",0
"机构,n,Di09,和,c,Hh04,其他,r,Ed61,经营,vn,Hc02",0
"非,h,Hi21,运输,vn,Hf05,企业,n,Dm03,和,c,Hh04,进一步,d,Ka04,走向,v,Fb01,市场,n,Cb28",0
"劳动部门,n,-1,及其,c,Kc01,所,u,Di09,属,v,Ja06,年,t,Ca18,以来,f,Ca11,所,u,Di09,发生,v,Jd07",0
"有,v,Jd07,一个,m,Dn08,想,v,Gb06,办,v,Bn03,一个,m,Dn08,培训,vn,Hg07",0
"领导,n,Hc09,跟,p,Bk08,李,nr,Bh07,长水,nr,-1",0
"国内外,s,Cb05,求援,v,Hi25,许多,m,Eb01,施工,vn,Hd01,考察,v,Hc18,后,f,Ai03,均,d,Ka07,感到,v,Gb02",0
"办公厅,n,Dm01,等,u,Dn08,十,m,Dn04,个,q,Dn08,向,p,Cb01,全市,n,Di02,发出,v,Jd07,倡议书,n,Hc12",0
"交通,n,Di18,行为,n,Di20,告别,v,Hi06,有关,vn,Je01,还,d,Hi27,设立,v,Hc05,了,u,Ig01,交通,n,Di18",0
"多,m,Ih05,个,q,Dn08,区,n,Di02,直属机关,l,-1,的,u,Bo29,领导,n,Hc09,干部,n,Ae01,开始,v,Ig01",0
"项,q,Bk05,基层,n,Di16,评议,v,Hc20,区直,j,-1,的,u,Bo29,活动,vn,Di20,将,d,Ae10,使,v,Kb05",0
"针对,p,Kb07,个别,a,Ka23,机关,n,Da01,中,f,Di02,存在,v,Jd01,的,u,Bo29,门,n,Dn08",0
"个,q,Dn08,处级,b,-1,以上,f,Cb03,的,u,Bo29,填写,v,Hg11,意见,n,Df14,然后,c,Dd07,以,p,Di02",0
"认为,v,Gb02,哪些,r,Ka35,区直,j,-1,机关,n,Da01,工作,vn,Ae01,作风,n,De01,好,a,Je10",0
"哪些,r,Ka35,门,n,Dn08,难,ad,Da10,进,v,He03,脸,n,Bk02",0
"首,m,Bk02,届,q,Dn09,十佳,j,Dd15,文明,a,Dk01",0
"大,a,Ah05,作风,n,De01,差,a,Jb05,的,u,Bo29,和,c,Hh04,个人,n,Aa02,将,d,Ae10,由,p,Hf06",0
"他,r,Aa04,谢绝,v,Hi32,了,y,Ig01,有的,r,Eb02,用,p,Jc05,优越,a,Ed03,条件,n,Dd11,挖,v,Fa10",0
"美协,j,-1,中央,n,Di02,美院,j,-1,等,u,Dn08,主办,v,Hc09",0
"黄,nr,If22,关葆,nr,-1,等,u,Dn08,个,q,Dn08,的,u,Bo29,名,q,Ja02,中青年,j,Ca16,科技,n,Dk03",0
"如果,c,Kc08,随着,p,Ka13,产出,v,Jd07,增加,v,Ih05,产品,n,Dj06,成本,n,Dj04,逐渐,d,Ka08,降低,v,Ih06",1
"的,u,Bo29,增多,vn,Ih05,而,c,Aa03,使,v,Kb05,储藏,vn,Hj40,成本,n,Dj04,减少,v,Ih05",1
"一,m,Ka16,岗,n,Cb28,为,v,Ih01,参赛,vn,Hh07,以,p,Di02,责任心,n,Df01,工作,vn,Ae01,质量,n,Dd12",1
"申报,v,Hc15,班组,n,Di09,推荐,v,Hi16,基层,n,Di16,考核,v,Hc20,公司,n,Dm04,复核,v,Hc18,的,u,Bo29",1
"产地,n,Cb08,规格,n,Dd11,等级,n,Di16,计价,vn,-1,价格,n,Dj02,或者,c,Kc01,服务,v,Hi37,的,u,Bo29",1
"是,v,Jd01,以,p,Di02,厂,n,Bn01,为,v,Ih01,事实,n,Da01,证明,v,Ja04,效果,n,Ae17,不好,a,If03",1
"地区,n,Cb08,省,n,Hi02,市,n,He03,为,v,Ih01,总体,n,Eb02,规划,v,Gb05,整体,n,Ed56,调整,v,Hc03",1
"提高,v,Ih10,从而,c,Kc09,降低,v,Ih06,平均,a,Ed37,成本,n,Dj04,提高,v,Ih10,劳动生产率,n,Dn07,产生,v,Jd07",1
"的,u,Bo29,以,p,Di02,欧洲,ns,Cb08,货币,n,Dj05,和,c,Hh04,已,d,Ig02,采用,v,Hj28,欧元,n,-1",1
"最低,a,Ea02,的,u,Bo29,国家,n,Di02,之一,r,Ed61,能耗,n,He13,量,n,Gb03,比,p,Hh07,发达国家,l,Di02",1
"比,p,Hh07,发达国家,l,Di02,高,v,Eb04,倍,q,Ih05,产品,n,Dj06,的,u,Bo29,能耗,n,He13,高,v,Eb04",1
"拆开,v,Fa19,以,p,Di02,支,q,Dn08,为,v,Ih01,卖,v,He03,给,p,Je05,顾客,n,Aj06",1
"了,u,Ig01,生产,v,Dn07,每,r,Ed61,一,m,Ka16,产值,n,Dj02,所,u,Di09,需,v,Jc05,的,u,Bo29",1
"普查,vn,Hc18,以,p,Di02,户,Ng,Bn04,为,v,Ih01,进行,v,Ig03,登记,vn,Hc15",1
"以,p,Di02,调查,vn,Hc18,小区,n,Cb28,为,v,Ih01,分别,d,Ie09,装入,v,-1,不同,a,Jb02,的,u,Bo29",1
"调查表,n,-1,以,p,Di02,普查区,n,-1,为,v,Ih01,装入,v,-1,相应,v,Jc06,的,u,Bo29,包装袋,n,-1",1
"第四,m,Dn04,条,q,Bh10,人民币,n,Dj05,的,u,Bo29,为,v,Ih01,元,Ng,Ah08,人民币,n,Dj05,辅币,n,Dj05",1
"为,v,Ih01,元,Ng,Ah08,人民币,n,Dj05,辅币,n,Dj05,为,v,Ih01,角,n,Hh07,分,n,Dn10",1
"达到,v,Je12,亿,m,Dn04,元,q,Ah08,超稠油,n,-1,操作,vn,Hj28,成本,n,Dj04,由,p,Hf06,元,q,Ah08",1
"产品,n,Dj06,名称,n,Dd15,计量,vn,Hj29,绝对数,n,Dn03,比,p,Hh07,上年,t,Ca18,增长,v,Ih10",1
"近,a,Ca02,距离,n,Id21,小于,v,Jb05,天文,n,Da22,天文学,n,Dk03,将,p,Ae10,太阳,n,Bg03,与,c,Je05",1
"距离,n,Id21,称为,v,Ja02,一个,m,Dn08,天文,n,Da22",1
"亿,m,Dn04,美元,q,Dj05,的,u,Bo29,公司,n,Dm04",1
"经营者,n,Aa01,年薪,n,Dj07,收入,n,Dj08,职务,n,Di15,年薪,n,Dj07,万,m,Dn04,元,q,Ah08,总裁,n,Af10",1
