"有,v,Jd07,篇,q,Dn08,连,p,Jd05,题目,n,Dd15,标点符号,n,Dk04,不足,v,Dd02,字,n,Bg07,的,u,Bo29",0
"的,u,Bo29,陈某,nr,-1,连,p,Jd05,车,n,Hd05,人,n,Ab02,撞,v,Id18,倒,v,He03,后,f,Ai03",0
"引力,n,Dd14,最终,d,Da06,连,u,Jd05,拉,v,Je01,扯,v,Hi12,地,u,Di09,将,p,Ae10,小,a,Ah08",0
"了,y,Ig01,可是,d,Kc03,连,p,Jd05,人,n,Ab02,车,n,Hd05,都,d,Cb25,要,v,Ag04,栽倒,v,Fd05",0
"的,u,Bo29,北风,n,Bf02,连,p,Jd05,蹦,v,Fb02,跳,v,Je09,地,u,Di09,在,p,Jd02,摄氏度,q,Dn01",0
"连,p,Jd05,跑,v,Ia10,颠,Vg,Bk02,地,u,Di09,忙,v,Ef06,过,v,Je09",0
"实施,v,Ie13,国家级,b,Di16,专家,n,Al02,会诊,vn,Hg20,教,v,Je04,计划,n,Di09,与,p,Je05,京,j,Di03",0
"在,p,Jd02,手中,s,Cb05,连,p,Jd05,走,v,Hi01,吃,v,Je13",0
"年,q,Ca18,时,Ng,Ca30,连,p,Jd05,本,n,Ed61,利,n,Je10,整,m,Hd04,笔,q,Dn08,转入,v,Ih01",0
"到期,v,Ie16,开始,v,Ig01,连,p,Jd05,本,n,Ed61,息,Ng,Ig02,取出,v,Hj25,再,d,Ig04,转,v,Ih02",0
"一路,m,Ka23,摸爬,v,-1,连,p,Jd05,跳,v,Je09,跌,v,Ih06,终于,d,Ka13,在,p,Jd02,太阳,n,Bg03",0
"去,v,Ca11,农家乐,n,-1,连,p,Jd05,吃,v,Je13,玩,v,Hj48,度,v,Gb03,周末,t,Ca22,节省,v,He13",0
"欣慰,a,Ga07,的,u,Bo29,是,v,Jd01,我,r,Aa05,回,v,Hi18,的,u,Bo29,还有,v,Jd04,那,r,Kc08",1
"就,d,Kb04,这样,r,Ka34,着,u,Dn08,春,Tg,Ca19,的,u,Bo29,气息,n,Bg06",1
"人群,n,Aa01,五颜六色,i,Ec06,的,u,Bo29,风筝,n,Bp35,着,u,Dn08,人们,n,Aa01,新春,t,Ca25,的,u,Bo29",1
"先进,a,Ee37,技术,n,De04,管理,vn,Hc02,经验,n,Da16,回来,v,Hf07",1
"传统,n,Df01,和,c,Hh04,军旅,n,Di11,作风,n,De01,到,v,Hf08,地质,n,Dc01,工作,vn,Ae01,中,f,Di02",1
"这种,r,-1,典范,n,Dd11,给,p,Je05,我们,r,Aa02,民族,n,Di04,的,u,Bo29",1
"多,m,Ih05,来,f,Ca03,前线,nz,Cb12,话剧团,na,Di10,着,u,Dn08,这,r,Ca31,台,q,Bp26,戏,n,Dk29",1
"催促,v,Hi28,她,r,Aa04,把,p,Hc10,音乐会,n,Hh01,到,v,Hf08,北京,ns,Di03",1
"的,u,Bo29,豪情,n,Df05,与,c,Je05,自信,vn,Gb14,进,v,He03,新,a,Ka12,世纪,n,Ca18",1
"着,u,Dn08,这些,r,Ed61,问题,n,Dd09,记者,n,Ae16",1
"恰当,a,Ed49,的,u,Bo29,饮食,n,Da18,文化,n,Dk02,给,p,Je05,人们,n,Aa01,的,u,Bo29,却,d,Hb13",1
"在,p,Jd02,年,t,Ca18,我们,r,Aa02,将,d,Ae10,着,u,Dn08,对,p,Fc04,人民,n,Aa01,群众,n,Aa01",1
"和,c,Hh04,体验,v,Da16,奥运会,j,Di23,奥运会,j,Di23,给,p,Je05,人们,n,Aa01,的,u,Bo29,激奋,v,-1",1
"的,u,Bo29,创伤,n,Dc02,愿,v,Gc01,新年,t,Ca25,给,p,Je05,他们,r,Aa04,吉祥,n,If03,安康,a,Ef08",1
"将,p,Ae10,巴,j,Di02,以,j,Di02,谈判,vn,Hi31,出,v,Jd07,死胡同,n,Dg07,但,c,Kc03,未能,v,Gc02",1
"的,u,Bo29,情感,n,Df04,会,v,Hi05,是,v,Jd01,给,p,Je05,新,a,Ka12,千年,t,-1,的,u,Bo29",1
"世纪,n,Ca18,将,d,Ae10,给,p,Je05,我们,r,Aa02,怎样,r,Ka35,令,v,Je04",1
"着,u,Dn08,这个,r,Ed61,问题,n,Dd09,本报,r,Dk21",1
"陋习,n,Di14,不,d,Ie01,能,v,Gc02,再,d,Ig04,到,v,Hf08,二十一,m,-1,世纪,n,Ca18,了,y,Ig01",1
"虚,a,Ga08,功,n,De04,实,a,Bh13,做,v,Hh01,着,u,Dn08,群众,n,Aa01,观念,n,Df01,和,c,Hh04",1
"一个,m,Dn08,真实,a,Ed01,的,u,Bo29,它,r,Ba10,给,p,Je05,大众,n,Aa01",1
"时代,n,Ca03,的,u,Bo29,骄子,n,-1,网络,n,Dd06,给,p,Je05,人类,n,Aa01,的,u,Bo29,最,d,Ka02",1
"历史,n,Dd01,把,p,Hc10,现代,t,Ca02,文明,n,Dk01,进,v,He03,了,u,Ig01,今天,t,Ca23,是,v,Jd01",1
"务工,v,Hj11,青年,n,Ab03,把,p,Hc10,文明,n,Dk01,回,v,Hi18,家,n,Al02,活动,vn,Di20,拉开,v,Fa31",1
"能手,n,Al03,给,p,Je05,他们,r,Aa04,提前,v,Ih07,去,v,Ca11,了,u,Ig01,新春,t,Ca25,的,u,Bo29",1
"的,u,Bo29,中国,ns,Di02,又,d,Kc02,是,v,Jd01,着,u,Dn08,社会主义,n,Di08,现代化,vn,Ih01,建设,vn,Ie12",1
"去,v,Ca11,党,n,Di10,和,c,Hh04,政府,n,Di11",1
"把,p,Hc10,党,n,Di10,的,u,Bo29,温暖,an,Eb26,到,v,Hf08,每,r,Ed61,一个,m,Dn08,老同志,n,Aa03",1
"全球化,v,-1,正,d,Bc02,给,p,Je05,我们,r,Aa02,更,d,Ca30,多,a,Ih05",1
"一,m,Ka16,大,a,Ah05,麻袋,n,Bp11,还,d,Hi27,着,u,Dn08,泥土,n,Bm04,芳香,n,Ec07,的,u,Bo29",2
"来意,n,Df08,你,r,Aa03,顿时,d,Ka08,面,n,Bk02,难色,n,Dc04,局促,a,Ee10,地,u,Di09,从,p,Hi39",2
"返,v,Hf07,身,Ng,Aa02,扬,Vg,Hc12,起,v,Kd02,血,n,Bl02,的,u,Bo29,尖刀,n,Bo09,狂,Dg,Ib17",2
"位,q,Dn08,家庭,n,Ab01,主妇,n,Aj05,面,n,Bk02,笑容,n,Dc04,回答,v,Hi18,得,u,Ib10,十分,d,Ka01",2
"应,v,Kb07,准备,v,Gb05,若干,m,Dn05,次,q,Jb05,决定性,n,Dd01,的,u,Bo29,大会战,n,Hb02",2
"一,m,Ka16,篇,q,Dn08,题,n,Hg11,为,v,Ih01,着,u,Dn08,安详,a,Ga07,安详,a,Ga07,面孔,n,Bk02",2
"在,p,Jd02,刷牙,v,-1,时,Ng,Ca30,则,d,Dn08,负电,n,Bg04",2
"方面,n,Cb01,北京市,ns,Cb25,对,p,Fc04,不,d,Ie01,病,n,Ib10,回乡,v,Hf07,的,u,Bo29,老,a,Ab02",2
"着,u,Dn08,黑布,n,-1,的,u,Bo29,照相机,n,Bp15,着,u,Dn08,摇柄,n,-1,的,u,Bo29,大,a,Ah05",2
"选择,v,Hj25,过于,d,Kc13,花哨,a,Ec06,或,c,Kc01,立体几何,n,Dk03,图案,n,Dk31,的,u,Bo29,瓷砖,n,Bm06",2
"着,u,Dn08,冷峻,z,-1,嬉笑,v,Ic01,间,f,Bn03,着,u,Dn08,严肃,a,Ef11",2
"有,v,Jd07,豪华,a,Eb32,自,r,Ka15,音乐,n,Dk28,的,u,Bo29,有,v,Jd07,价,n,Dj02",2
"这个,r,Ed61,真实,a,Ed01,故事,n,Dk10,颇,d,Ka01,浪漫,a,Ee43,悲壮,a,Ga01,的,u,Bo29,色彩,n,Bg06",2
"考评,v,Hc20,组织,n,Hc03,决定,v,Je09,和,c,Hh04,职,Ng,Aa02,分流,v,Ie10,定向,d,Ie06,培训,v,Hg07",2
"经,v,Je14,处理,vn,He03,后,f,Ai03,它,r,Ba10,一定,b,Ka15,电荷,n,Hj24",2
"这种,r,-1,经过,v,Hf06,特殊,a,Ed04,处理,vn,He03,抗菌剂,n,-1,的,u,Bo29,沙土,n,Bm04,将,d,Ae10",2
"按,p,Hc18,国家,n,Di02,有关,vn,Je01,规定,n,Hc14,疫病,n,Dl01,的,u,Bo29,病,v,Ib10,猪,n,Bi07",2
"黑乎乎,z,Eb20,脏兮兮,z,-1,连,u,Jd05,汤,n,Bg01,渣,Ng,-1,一,m,Ka16,大,a,Ah05,锅,q,Bp05",2
"车轮,n,Bo25,出入,v,Dd04,工地,n,Cb08,不,d,Ie01,泥,n,Bm04,禁止,v,Hc17,现场,s,Cb28,搅拌,v,Fa26",2
"酿酒,vn,Hd04,工艺,n,De04,将,p,Ae10,法国,ns,Di02,酸味,n,Bg06,的,u,Bo29,酒,n,Br12,按,p,Hc18",2
"我们,r,Aa02,命运,n,Da08,的,u,Bo29,问题,n,Dd09,根本,a,Ka10,性质,n,Dd01,的,u,Bo29,问题,n,Dd09",2
"高原皇,nz,-1,沙棘汁,n,-1,甜,a,Bh09,中,f,Di02,酸,n,Ib11,酸,n,Ib11,中,f,Di02,有,v,Jd07",2
"小贩,n,Ae09,出售,v,He03,成,v,Ih01,捆,Ng,Bb03,绿叶,n,Bh11,的,u,Bo29,小,a,Ah08,树枝,n,Bh10",2
"在,p,Jd02,境外,s,-1,经营,v,Hc02,起,v,Kd02,料,n,Ba06,加工,v,He03,生意,n,Di19,搞,v,Hj12",2
"可以,v,Gc02,继续,v,Ig03,生产,v,Dn07,这种,r,-1,缺陷,n,Dd02,的,u,Bo29,冰箱,n,Ba05,今天,t,Ca23",2
"从,p,Hi39,中,f,Di02,发现,v,Gb08,一些,m,Eb02,倾向性,n,Dd01,规律性,n,Db06,的,u,Bo29,东西,n,Aa01",2
"享有,v,Jd04,个,q,Dn08,月,n,Bd02,的,u,Bo29,薪,Ng,Bm09,产假,n,Ca25",2
"涉,Vg,Je01,爆,v,Id06,犯罪,v,Hn01,和,c,Hh04,黑社会,n,An01,性质,n,Dd01,的,u,Bo29,团伙,n,Di10",2
"自己,r,Aa05,的,u,Bo29,模范,n,Al05,行动,vn,Ie13,出,v,Jd07,了,u,Ig01,一批批,m,-1,优秀,a,Ed03",3
"自己,r,Aa05,的,u,Bo29,心血,n,Df01,终于,d,Ka13,出,v,Jd07,了,u,Ig01,一,m,Ka16,支,q,Dn08",3
"下班,v,Ig01,回来,v,Hf07,后,f,Ai03,得,v,Ib10,孩子,n,Ah14,做饭,v,Hj44,照顾,v,Hi37,婆婆,n,Ah07",3
"现在,t,Ca10,他,r,Aa04,出,v,Jd07,的,u,Bo29,弟子,n,Ae13,也,d,Kd03",3
"加油站,n,-1,也,d,Kd03,被,p,Je13,他,r,Aa04,成,v,Ih01,了,u,Ig01,邹城,ns,-1,一流,b,Ed04",3
"赛,n,Eb04,体育,n,Di09,比赛,vn,Hh07,名师,n,Al02,高徒,n,Ae13,包,v,Jd05,教,v,Je04,包,v,Jd05",3
"过去,t,Ca11,抓,v,Fa06,两,m,Dd05,头,q,Bk02,中间,f,Cb04,的,u,Bo29,传统,a,Df01,工作,vn,Ae01",3
"工作,vn,Ae01,方法,n,Db09,用,p,Jc05,多数,m,Dn05,少数,m,Dn05,的,u,Bo29,形式,n,Dc01,开展,v,Ig03",3
"公安局,n,Dm02,坚持,v,Gb02,抓,v,Fa06,班子,n,Dm07,队伍,n,Di10,强,Vg,Eb04,素质,n,De04,严,Vg,Ee36",3
"消防,b,Je11,部门,n,Di09,经常,d,Ka10,演练,v,Hh01,出,v,Jd07,了,u,Ig01,能,v,Gc02,打,v,Gb05",3
"建,v,Hd01,一流,b,Ed04,班子,n,Dm07,一流,b,Ed04,队伍,n,Di10",3
"欧阳,nr,Dd15,中石,nr,-1,已,d,Ig02,接连,d,Ka11,出,v,Jd07,几,m,Bp26,批,q,Hi21,书法,n,Db09",3
"是,v,Jd01,进,v,He03,监狱,n,Dm02,免得,v,Je11,坏,a,If03,其他,r,Ed61,青年,n,Ab03",3
"出,v,Jd07,了,u,Ig01,抓,v,Fa06,班子,n,Dm07,队伍,n,Di10,立,v,Hi31,规矩,n,Di24,走,v,Hi01",3
"人格,n,De01,魅力,n,Dd14,张,nr,Dn08,郁,nr,Ie02,出,v,Jd07,了,u,Ig01,一,m,Ka16,支,q,Dn08",3
"学期,n,Ca03,在,p,Jd02,我,r,Aa05,所,u,Di09,的,u,Bo29,班上,s,-1,开展,v,Ig03,了,u,Ig01",3
"队伍,n,Di10,又,d,Kc02,是,v,Jd01,怎么,r,Kc12,出来,v,Hj64,的,u,Bo29,呢,y,Bq02",3
"云霞,nr,Bf02,作为,p,Kb05,马,nr,Bi19,俊仁,nr,-1,出,v,Jd07,的,u,Bo29,第一,m,Ka09,批,q,Hi21",3
"去年,t,Ca18,马,nr,Bi19,俊仁,nr,-1,所,u,Di09,队伍,n,Di10,又,d,Kc02,有,v,Jd07,其,r,Aa04",3
"俊仁,nr,-1,也,d,Kd03,终于,d,Ka13,亲力亲为,l,-1,队伍,n,Di10,指导,v,Hg02,训练,v,Hg06,了,y,Ig01",3
"过,u,Je09,马,nr,Bi19,俊仁,nr,-1,所,u,Di09,队员,n,Aj07,的,u,Bo29,训练,vn,Hg06,情况,n,Da21",3
"给,p,Je05,下面,f,Aj08,各级,r,Ed61,干部,n,Ae01,个,q,Dn08,好头,n,-1",3
"只,q,Dn08,然而,c,Kc03,由于,c,Kc09,缺乏,v,He15,双,m,Dn08,仔,Ng,Ee28,的,u,Bo29,能力,n,De04",3
"一,m,Ka16,级,q,Bn10,一,m,Ka16,级,q,Bn10,一,m,Ka16,级,q,Bn10,层层,q,-1,抓紧,v,Ih10",3
"团圆,v,Ie09,他们,r,Aa04,却,d,Hb13,在,p,Jd02,岗,n,Cb28,巡查,v,Hc18,看望,v,Hi02,值,v,Gc04",3
"大概,n,Ka17,情况,n,Da21,接着,c,Ka13,就,d,Kb04,我们,r,Aa02,参观,v,Fc04,集体,n,Di10,食堂,n,Bn03",3
"帮,v,Hi36,一,m,Ka16,名,q,Ja02,连,n,Jd05,一,m,Ka16,屯,Ng,Hb04,营,n,Hc02,助,v,Hi36",3
"开展,v,Ig03,树,v,Hg07,党员,n,Aj07,形象,n,Dc01,公安,n,Di08,队伍,n,Di10,保,v,Aj14,一方平安,l,-1",3
"出差,v,Hc28,临走,v,Ie16,时,Ng,Ca30,我,r,Aa05,他们,r,Aa04,到,v,Hf08,报社,n,Dm07,附近,f,Cb06",3
"已经,d,Ka12,岁,q,Ca18,了,y,Ig01,在家,v,Cb28,孙子,n,Ah17,由于,p,Kc09,家里,s,Ah08,没有,v,Jd08",3
"妇女,n,Ab01,付,nr,Hi27,金艳,nr,-1,孤身一人,l,Ef05,着,u,Dn08,三,m,Dn04,个,q,Dn08,孩子,n,Ah14",3
"生活费,n,Dj08,为,p,Ih01,这个,r,Ed61,家庭,n,Ab01,去,v,Ca11,欢声笑语,l,Hi12",3
"之,u,Kd01,声,n,Dn08,把,p,Hc10,人们,n,Aa01,到,v,Hf08,了,u,Ig01,万象更新,i,Ih12,的,u,Bo29",4
"乘,v,Hf02,机,n,Bo22,旅客,n,Ag10,所,u,Di09,小孩,n,Ab04,未,d,Ka18,购,Vg,He03,票,n,Bp19",4
"不,d,Ie01,下来,v,Hj62,他,r,Aa04,决定,v,Je09,五,m,Dn04,套,q,Hg08,班子,n,Dm07,的,u,Bo29",4
"渐渐,d,Ka08,地,u,Di09,将,p,Ae10,我,r,Aa05,进,v,He03,了,u,Ig01,冰雪,n,Bf01,南极,ns,Bd03",4
"日,t,Di02,上午,t,Ca28,赵,nr,Dd15,文军,nr,-1,着,u,Dn08,儿子,n,Ah14,从,p,Hi39,涿州,ns,-1",4
"了,v,Ig01,几,m,Bp26,个,q,Dn08,钱,n,Dj03,一,m,Ka16,次,q,Jb05,路,n,Dn08,也,d,Kd03",4
"年,t,Ca18,我,r,Aa05,和,c,Hh04,妻子,n,Ah08,着,u,Dn08,一个,m,Dn08,八,m,Dn04,八,m,Dn04",4
"历史,n,Dd01,氛围,n,Da21,将,p,Ae10,观众,n,Aj06,回到,v,Hf07,年,q,Ca18,前,f,Cb04",4
"们,k,Aa01,纷纷,d,Ef01,携,v,Fa07,老,a,Ab02,小,a,Ah08,移居,v,Hj02,海外,s,Cb11",4
"次,q,Jb05,辩论会,n,-1,的,u,Bo29,主辩人,n,-1,着,u,Dn08,那天,r,Ca11,帮,v,Hi36,他,r,Aa04",4
"相会,v,Hi05,拖,v,Ie15,儿,Ng,Ah14,又,d,Kc02,女,Ng,Ah14,一,m,Ka16,人,n,Ab02,一,m,Ka16",4
"能,v,Gc02,把,p,Hc10,澳门,ns,Di02,澳门,ns,Di02,向,p,Cb01,美好,a,Ed23,的,u,Bo29,未来,t,Da07",4
"企业,n,Dm03,的,u,Bo29,管理,vn,Hc02,基础,n,Ed28,好,a,Je10,我们,r,Aa02,的,u,Bo29,战斗,vn,Hb02",4
"第一,m,Ka09,天,q,Cb07,上班,v,Hj11,被,p,Je13,进,v,He03,了,u,Ig01,所里,n,-1,的,u,Bo29",4
"如果,c,Kc08,三四,m,-1,年,q,Ca18,不,d,Ie01,孩子,n,Ah14,去,v,Ca11,一,m,Ka16,趟,q,Dn08",4
"被,p,Je13,母亲,n,Ah04,和,c,Hh04,继父,n,Ah04,着,u,Dn08,偷渡,v,Hf06,前往,v,Hj63,美国,ns,Di02",4
"埃连,nr,-1,获救,v,If20,后,f,Ai03,被,p,Je13,到,v,Hf08,美国,ns,Di02",4
"黎明,t,Ca27,已,d,Ig02,我,r,Aa05,上路,v,Ig01,我,r,Aa05,不,d,Ie01",4
"在,p,Jd02,此,r,Cb30,路段,n,Dn02,上,f,Hj63,客,Ng,An07,他们,r,Aa04,便,d,Bl04,上车,v,-1",4
"我家,r,Di05,门前,s,Cb04,李,nr,Bh07,书记,nr,Ae01,人,n,Ab02,给,p,Je05,我,r,Aa05,这个,r,Ed61",4
"未来,t,Da07,而且,c,Kc02,将,p,Ae10,人们,n,Aa01,上,v,Hj63,一个,m,Dn08,新,a,Ka12,的,u,Bo29",4
"案件,n,Da03,服务,vn,Hi37,专车,n,Bo21,立即,d,Ka08,律师,n,Ae12,调解,v,Hi45,等,u,Dn08,人员,n,Aa01",4
"宣布,v,Hc11,由,p,Hf06,古巴,ns,Di02,移民,n,Ih02,来,v,Ca03,美国,ns,Di02,的,u,Bo29,古巴,ns,Di02",4
"许多,m,Eb01,家长,n,Ah04,孩子,n,Ah14,来,v,Ca03,咨询,v,Hi18,时,Ng,Ca30",4
"妻子,n,Ah08,他,r,Aa04,去,v,Ca11,邻家,n,Aj02,串门,v,Hi02",4
"家,n,Al02,父子,n,Ah04,先是,d,Ka09,被,p,Je13,到,v,Hf08,梁园区,ns,-1,公安,n,Di08,分局,n,Di09",4
"分局,n,Di09,后,f,Ai03,又,d,Kc02,被,p,Je13,到,v,Hf08,梁园区,ns,-1,法院,n,Dm02,少年,n,Ab03",4
"继母,n,Ah04,双喜,nr,Da01,下,v,Ia03,了,u,Ig01,车,n,Hd05",4
"她,r,Aa04,脱口而出,i,Hi12,要,v,Ag04,先,d,Ca11,客人,n,An07,去,v,Ca11,开普敦,ns,-1,再,d,Ig04",4
"院长,n,Af10,肖,nr,Jb03,扬,nr,Hc12,今天,t,Ca23,着,u,Dn08,审判,vn,Hm06,业务,n,Di19,部门,n,Di09",4
"他,r,Aa04,不,d,Ie01,仪仗队,n,Di10,也,d,Kd03,不,d,Ie01,骑马,v,Hf01",4
"基础,n,Ed28,往往,d,Ka10,携,v,Fa07,妻,Ng,Ah08,子,Ng,Ah14,子女,n,Ah14,入学,v,If09,成,v,Ih01",4
"能人,n,Al03,牵头,v,Ie11,一,m,Ka16,户,q,Bn04,数,m,Hi13,户,q,Bn04,链条式,d,-1,发展,v,Ie12",5
"促,v,Je06,效,Ng,Hg08,以,p,Di02,效,Ng,Hg08,水,n,Bg01,的,u,Bo29,良性,b,Je10,循环,vn,Ig04",5
"开端,n,Ig01,也,d,Kd03,给,p,Je05,基层,n,Di16,了,u,Ig01,个,q,Dn08,好头,n,-1",5
"注意,v,Gb20,评先树优,l,-1,抓,v,Fa06,两头,f,Dd05,中间,f,Cb04,做好,v,Hj12,落后,a,Ie12,面,n,Bk02",5
"保护,vn,Hi37,范围,n,Je08,以,p,Di02,粮,n,Br01,赈,Vg,Hi36,制定,v,Hc14,优惠,vn,Ed03,政策,n,Di09",5
"以,p,Di02,游,v,Hh06,农,Ng,Ae07,以,p,Di02,农,Ng,Ae07,促,v,Je06",5
"一,m,Ka16,级,q,Bn10,一,m,Ka16,级,q,Bn10,一,m,Ka16,级,q,Bn10,一,m,Ka16,级,q,Bn10",5
"的,u,Bo29,产业化,vn,-1,以,p,Di02,军品,n,Ba06,民品,n,Ba02,民品,n,Ba02,促,v,Je06,军品,n,Ba06",5
"出,v,Jd07,了,u,Ig01,四,m,Dn04,老,a,Ab02,二,m,Jb02,新,a,Ka12,的,u,Bo29,阵容,n,Dc03",5
"先进,a,Ee37,典型,n,Dd11,以,p,Di02,点,n,Cb08,面,n,Bk02,才,d,If03,能,v,Gc02,充分,ad,Ka03",5
"建设,vn,Ie12,和,c,Hh04,大,a,Ah05,城市,n,Cb25,大,a,Ah05,农村,n,Cb25,等,u,Dn08,繁重,a,Ed07",5
"着重,v,Ed28,推广,v,Ih03,以,p,Di02,城,n,Bn07,乡,n,Cb25,城乡,n,Cb25,联动,v,-1,的,u,Bo29",5
"经济,n,Di02,的,u,Bo29,以,p,Di02,工,n,Di19,农,Ng,Ae07,大,a,Ah05,乡,n,Cb25,大,a,Ah05",5
"促,v,Je06,创新,v,Ih12,以,p,Di02,创新,v,Ih12,学习,v,Hg08",5
"力争,v,Je12,把,p,Hc10,老百姓,n,Aa01,欢笑,v,Ic01,起来,v,Ih13,把,p,Hc10,观众,n,Aj06,的,u,Bo29",5
"等,u,Dn08,大,a,Ah05,的,u,Bo29,客户,n,Aj06,起,v,Kd02,了,u,Ig01,一,m,Ka16,批,q,Hi21",5
"水平,n,Bo18,做到,v,Ie14,一,m,Ka16,业,Ng,Dj03,百,m,Dn04,业,Ng,Dj03,从而,c,Kc09,形成,v,Ih01",5
"次,q,Jb05,尝试,v,Hg07,由,p,Hf06,政府,n,Di11,企业,n,Dm03,推介,v,-1,农副产品,j,Ba04,在,p,Jd02",5
"以,p,Di02,公司,n,Dm04,农户,n,Di05,为,v,Ih01,主要,b,Ed28,形式,n,Dc01",5
"近年来,l,Ca03,他们,r,Aa04,依靠,v,Kb06,支部,n,Di10,连队,n,Di11,科技,n,Dk03,兴,v,Ie12,连队,n,Di11",5
"主力,n,Dd14,队员,n,Aj07,以,p,Di02,老,a,Ab02,新,a,Ka12,参加,v,Hj20,今年,t,Ca18,联赛,v,Hh07",5
"市场,n,Cb28,牵,v,Hb09,龙头,n,Bo25,龙头,n,Bo25,基地,n,Cb08,基地,n,Cb08,连,v,Jd05,农户,n,Di05",5
"以,p,Di02,公司,n,Dm04,农户,n,Di05,的,u,Bo29,蓝田,ns,-1,模式,n,Dc01",5
"断层,n,Dd07,的,u,Bo29,以,p,Di02,老,a,Ab02,新,a,Ka12,法,n,Di02,取长补短,i,Hj25,的,u,Bo29",5
"今年,t,Ca18,将,d,Ae10,以,p,Di02,内,f,Ah08,外,f,Ae17,大力,d,Ka19,发展,v,Ie12,妇女,n,Ab01",5
"威,Ng,Da27,全队,n,Dd07,都,d,Cb25,被,p,Je13,活,a,Hi36,而,c,Aa03,本场,r,-1,只有,d,Jd04",5
"党员,n,Aj07,了,u,Ig01,头,n,Bk02,群众,n,Aa01,有,v,Jd07",5
"又,c,Kc02,要,v,Ag04,扶,v,Hi36,小,a,Ah08,小,a,Ah08",5
"户,Ng,Bn04,户,Ng,Bn04,村,n,Cb25,带,v,Jd04,村,n,Cb25",5
"户,Ng,Bn04,带,v,Jd04,户,Ng,Bn04,村,n,Cb25,村,n,Cb25,全镇,n,-1,农民,n,Ae07,的,u,Bo29",5
"形成,v,Ih01,了,u,Ig01,以,p,Di02,龙头,n,Bo25,基地,n,Cb08,以,p,Di02,基地,n,Cb08,带,v,Jd04",5
"带,v,Jd04,基地,n,Cb08,以,p,Di02,基地,n,Cb08,农户,n,Di05,的,u,Bo29,经济,n,Di02,模式,n,Dc01",5
"等,u,Dn08,部门,n,Di09,的,u,Bo29,同志,n,Aa03,着,u,Dn08,慰问品,n,Ba02,去,v,Ca11,看望,v,Hi02",6
"羽毛,n,Bk11,都,d,Cb25,不,d,Ie01,敢,v,Gc01,出,v,Jd07,海关,n,Cb20",6
"李,nr,Bh07,长水,nr,-1,家中,s,Di05,并,c,Kc06,去,v,Ca11,了,u,Ig01,丰厚,a,Ef14,的,u,Bo29",6
"外出,v,Hf04,旅游,v,Hj48,什么,r,Ba10",6
"中午,t,Ca28,时分,n,Ca04,他,r,Aa04,回,v,Hi18,了,u,Ig01,签订,v,Hi31,的,u,Bo29",6
"毁,v,Id06,掉,v,Hi27,不,d,Ie01,能,v,Gc02,的,u,Bo29,东西,n,Aa01,填,v,Hg11,埋,v,Id03",6
"部队,n,Di11,工作,v,Ae01,的,u,Bo29,妈妈,n,An07,回来,v,Hf07,两,m,Dd05,张,q,Dn08,玉米饼,n,-1",6
"他们,r,Aa04,自,r,Ka15,干粮,n,Br01,每天,r,Ca23,往返,v,Hj63,十,m,Dn04",6
"着,u,Dn08,手机,n,-1,的,u,Bo29,人们,n,Aa01",6
"时候,n,Ca04,老百姓,n,Aa01,走亲访友,l,-1,不用,d,Gc03,烟,n,Bf05,带,v,Jd04,酒,n,Br12,捎,v,Hj36",6
"走亲访友,l,-1,不用,d,Gc03,带,v,Jd04,烟,n,Bf05,酒,n,Br12,捎,v,Hj36,上,v,Hj63,两,m,Dd05",6
"主要,b,Ed28,内容,n,Dk10,那么,c,Kc08,所,u,Di09,之,u,Kd01,物,Ng,Ba01,不必,d,Gc03,很多,m,Eb01",6
"吃,v,Je13,给,p,Je05,我,r,Aa05,也,d,Kd03,两,m,Dd05,根,q,Bh11,回来,v,Hf07",6
"村,n,Cb25,的,u,Bo29,村民,n,Ae07,自,r,Ka15,工具,n,Bo01,自,r,Ka15,带,v,Jd04,粮食,n,Br01",6
"自,r,Ka15,带,v,Jd04,工具,n,Bo01,自,r,Ka15,粮食,n,Br01,出动,v,Hb02,民工,n,Ae02,多,m,Ih05",6
"岱,nr,-1,先后,d,Dd07,驾车,v,Hf01,和,c,Hh04,车,n,Hd05,多,m,Ih05,次,q,Jb05,穿越,v,Hf06",6
"才,d,If03,让,v,Je04,学生,n,Ae13,自己,r,Aa05",6
"冰雪,n,Bf01,旅游,vn,Hj48,不,d,Ie01,钱,n,Dj03,持卡,v,-1,消费,v,He03,热,v,Dn01",6
"人民团体,l,Di10,在职,vn,Dd06,人员,n,Aa01,可,v,Ka01,薪,Ng,Bm09,分流,v,Ie10,去,v,Ca11,领办,v,-1",6
"打电话,v,Hi11,的,u,Bo29,人,n,Ab02,还要,v,Gc03,着,u,Dn08,午饭,n,Da18,去,v,Ca11,排队,v,Dd07",6
"使用,v,Di21,时,Ng,Ca30,注意,v,Gb20,多,d,Ih05,电池,n,Bo04",6
"一,m,Ka16,批,q,Hi21,文艺,n,Dk25,节目,n,Dk09,到,v,Hf08,了,u,Ig01,绵竹,ns,-1,新市镇,ns,-1",6
"出,v,Jd07,汗,n,Bl01,外出,v,Hf04,时,Ng,Ca30,的,u,Bo29,东西,n,Aa01,越,d,Je09,少,a,He15",6
"就,d,Kb04,不,d,Ie01,用,v,Jc05,随身,d,Ka20,了,y,Ig01",6
"下乡,v,Hj62,总,d,Ae10,怕,v,Ga16,东西,n,Aa01,多,a,Ih05,了,u,Ig01,卖,v,He03,不,d,Ie01",6
"上课,v,Hg05,中秋,t,Ca25,给,p,Je05,学生,n,Ae13,月饼,n,Br09,吃,v,Je13,出差,v,Hc28,捎,v,Hj36",6
"亲朋,n,Aj01,家,n,Al02,做客,v,Hi02,免不了,v,Ka30,些,q,Dn05,糕点,n,Br09,水果,n,Bh07",6
"不胫而走,i,Ie01,牧民,n,Ae07,们,k,Aa01,纷纷,d,Ef01,上,v,Hj63,工具,n,Bo01,自发,d,Ed51,地,u,Di09",6
"明星,n,Ae17,在,p,Jd02,绿茵场,n,-1,上,f,Hj63,球,n,Bd03,驰骋,v,Fb01,像,v,Kb03,杂耍,n,Dk30",6
"利用,v,Hj28,职权,n,Di21,和,c,Hh04,所,u,Di09,印鉴,n,Bp21,伪造,v,Hj58,董事会,n,Di10,决议,n,Dk13",6
"职工,n,Ae01,进行,v,Ig03,慰问,vn,Hi35,并,c,Kc06,去,v,Ca11,了,u,Ig01,面粉,n,Br01,和,c,Hh04",6
"自健,nr,-1,便,d,Bl04,开始,v,Ig01,自费,d,Dj03,着,u,Dn08,这些,r,Ed61,作品,n,Dk19,到,v,Hf08",6
"我,r,Aa05,来,v,Ca03,的,u,Bo29,时候,n,Ca04,了,u,Ig01,些,q,Dn05,鱼,n,Bi14,肉,n,Bh13",6
"翻译,n,Ae16,陪同,n,Hi05,只,d,Dn08,需,v,Jc05,上,v,Hj63,一,m,Ka16,副,q,Aj09,耳机,n,Bo04",7
"盲人,n,Ag02,所,u,Di09,的,u,Bo29,特殊,a,Ed04,眼镜,n,Bp01,上,f,Hj63",7
"扛,v,Fa04,着,u,Dn08,队旗,n,Bp20,臂,Ng,Bk08,袖标,n,Bp21,正,d,Bc02,叽叽喳喳,o,Kf02,地,u,Di09",7
"鲜红,z,Ec01,的,u,Bo29,手,n,Dn08,脸,n,Bk02,死亡,vn,Ib03,面具,n,Bp35,高举,v,Fd01,受害者,n,Ag07",7
"孩子,n,Ah14,们,k,Aa01,准备,v,Gb05,了,u,Ig01,口罩,n,Bp30,的,u,Bo29,小,a,Ah08,狗,n,Bi07",7
"床,n,Bp27,一,m,Ka16,双,q,Dn08,儿女,n,Ah14,着,u,Dn08,黑纱,n,-1,守,v,Hi39,在,p,Jd02",7
"只要,c,Kc07,装,v,Hh01,上,v,Hj63,电池,n,Bo04,上,v,Hj63,耳机,n,Bo04,打开,v,Hc05,开关,n,Bo04",7
"全,d,Ka07,被,p,Je13,锁,v,Bo32,住,v,Ig02,上,v,Hj63,手铐,n,Bo32,脚镣,n,Bo32,生育,vn,Ib01",7
