"实际,n,Da01,出发,v,Ig01,只是,c,Kc13,把,p,Hc10,盯,v,Fc04,在,p,Jd02,当地,s,Cb15,实际上,d,Ka30",0
"我们,r,Aa02,的,u,Bo29,观念,n,Df01,将,p,Ae10,放,v,Ga13,到,v,Hf08,国内外,s,Cb05,市场,n,Cb28",0
"在,p,Jd02,向,v,Cb01,外,f,Ae17,的,u,Bo29,同时,n,Ca03",0
"万德莱,nz,-1,人,n,Ab02,又,d,Kc02,把,p,Hc10,投向,v,Fa15,市场,n,Cb28,的,u,Bo29,抢滩,v,-1",0
"用地,n,Cb07,的,u,Bo29,同时,n,Ca03,将,p,Ae10,放,v,Ga13,在,p,Jd02,盘活,v,Hj12,存量,n,-1",0
"投,v,Hi11,去,v,Ca11,钦佩,v,Gb12,的,u,Bo29,但,c,Kc03,恭敬,a,Ee33,守静,a,-1,没有,d,Jd08",0
"健康,a,Ed43,的,u,Bo29,生活,vn,Ib03,方式,n,Db09,要,v,Ag04,看到,v,Fc04,农村,n,Cb25,积极,ad,Ee23",0
"那种,r,Dd06,期盼,v,Gb04,焦虑,a,Ga02,的,u,Bo29,听到,v,Fc05,那,r,Kc08,发自,v,Jd06,肺腑,n,Df02",0
"职工,n,Ae01,们,k,Aa01,冷漠,a,Ee33,的,u,Bo29,破陋,a,-1,的,u,Bo29,工作,vn,Ae01,环境,n,Da21",0
"站,v,Cb26,得,u,Ib10,足够,v,He14,高,a,Eb04,又,d,Kc02,放,v,Ga13,得,u,Ib10,足够,v,He14",0
"化工,n,Di18,产品,n,Dj06,现在,t,Ca10,他们,r,Aa04,已,d,Ig02,瞄准,v,Hb06,精细,a,Eb33,化工,n,Di18",0
"开拓,vn,Hd17,和,c,Hh04,具有,v,Jd04,战略,n,Df09,的,u,Bo29,进取,vn,Ee37",1
"以,p,Di02,地域,n,Cb08,文化,n,Dk02,的,u,Bo29,去,v,Ca11,看,v,Hi37,学者,n,Al02,的,u,Bo29",1
"全局,n,Da20,的,u,Bo29,胸怀,n,Gb01,和,c,Hh04,需要,v,Jc05,兢兢业业,i,Ee28,脚踏实地,i,Ee29,埋头苦干,i,Hj08",1
"以,p,Di02,超前,a,Ih07,的,u,Bo29,战略,n,Df09,和,c,Hh04,胆识,n,Dk02,于,p,Kb05,岁末,t,Ca09",1
"要,v,Ag04,以,p,Di02,市场,n,Cb28,的,u,Bo29,办,v,Bn03,体育,n,Di09,抓,v,Fa06,选,v,Hc25",1
"短期,b,Ca03,经济效益,n,Da25,缺乏,v,He15,长远,a,Eb24",1
"出,v,Jd07,作者,n,Ae17,独特,a,Ed04,的,u,Bo29,性格,n,De01,和,c,Hh04,独立,a,Id07,精神,n,Dk01",1
"超越,v,Je09,普通,a,Ed04,商人,n,Ae09,的,u,Bo29,来,v,Ca03,运筹,v,Gb05,和,c,Hh04,培育,v,Hg07",1
"战略,n,Df09,应当,v,Gc03,有,v,Jd07,全球,n,Di01,和,c,Hh04,长期,d,Eb24,努力,a,Ka19,的,u,Bo29",1
"们,k,Aa01,用,p,Jc05,自己,r,Aa05,的,u,Bo29,拍摄,v,Hh03,改革,v,Ha04,开放,v,Ib21,以来,f,Ca11",1
"会长,n,Af10,格拉汉姆莫里特尔,nr,-1,却,d,Hb13,把,p,Hc10,对准,v,Kb07,人类,n,Aa01,社会,n,Di01,今后,t,Ca12",1
"上,f,Hj63,以,p,Di02,现代人,n,-1,的,u,Bo29,重新,d,Ka14,审视,v,Fc04,特定,b,Ed04,历史,n,Dd01",1
"抱怨,v,Gb11,而是,c,Kc06,率先,d,Ka09,把,p,Hc10,瞄准,v,Hb06,了,u,Ig01,市场,n,Cb28",1
"眼界,n,Dk02,大局,n,Da20,意识,n,Df14,战略,n,Df09,对于,p,Kb04,高中级,b,Ed06,领导,n,Hc09,干部,n,Ae01",1
"世界,n,Di14,的,u,Bo29,历史,n,Dd01,的,u,Bo29,就,d,Kb04,不,d,Ie01,可能,v,Gc02,从,p,Hi39",1
"有,v,Jd07,没,d,Jd08,有,v,Jd07,市场,n,Cb28,有,v,Jd07,没,d,Jd08,有,v,Jd07,拿,v,If24",1
"看,v,Hi37,郊区,s,Cb08,的,u,Bo29,经济,n,Di02,显然,ad,Ed46,是,v,Jd01,不,d,Ie01,够用,v,-1",1
"地,u,Di09,用,p,Jc05,世界,n,Di14,的,u,Bo29,来,v,Ca03,注视,v,Fc04,科学,n,Dk03,前沿,s,Cb12",1
"你,r,Aa03,有,v,Jd07,没,d,Jd08,有,v,Jd07,去,v,Ca11,发现,v,Gb08,有,v,Jd07,没,d,Jd08",1
"胸襟,n,De03,和,c,Hh04,战略,n,Df09,的,u,Bo29,来,v,Ca03,看待,v,Hi08,和,c,Hh04,处理,v,He03",1
"课题,n,Dk07,要,v,Ag04,有,v,Jd07,战略,n,Df09,善于,v,Gc02,扬长避短,i,Hj25,着力,v,Ed28,发现,v,Gb08",1
"现在,t,Ca10,少数,m,Dn05,超前,a,Ih07,实力,n,Dd14,超群,v,Ed04,的,u,Bo29",1
"的,u,Bo29,投资者,n,Ae09,他们,r,Aa04,的,u,Bo29,是,v,Jd01,短,a,He15,线,n,Bp04,的,u,Bo29",1
"客观,a,Ed13,与,c,Je05,公正,a,Ee40,的,u,Bo29,看待,v,Hi08,外部,f,Dd08,世界,n,Di14,将,p,Ae10",1
"或者,c,Kc01,顺着,p,Kb02,销售商,n,-1,的,u,Bo29,却,d,Hb13,没有,d,Jd08,顾及,v,Gb22,最,d,Ka02",1
"有,v,Jd07,客观,a,Ed13,敏锐,a,Ee15,的,u,Bo29,需要,v,Jc05,有,v,Jd07,设身处地,i,Gb18,的,u,Bo29",1
"洞察,v,Gb08,事物,n,Da28,本质,n,Dd08,的,u,Bo29,也,d,Kd03,要求,v,Gb04,我们,r,Aa02,具备,v,Jd04",1
"非洲,ns,Cb08,伟大,a,Ed20,的,u,Bo29,智慧,n,De04,与,c,Je05,勇气,n,De03,我,r,Aa05,心中,s,Df02",1
"观众,n,Aj06,日益,d,Ka08,挑剔,v,Hi54,的,u,Bo29,是,v,Jd01,他们,r,Aa04,面临,v,Kb01,的,u,Bo29",1
"想,v,Gb06,得利斯,nz,-1,要,v,Ag04,把,p,Hc10,投向,v,Fa15,全国,n,Di02",1
