"月,t,Bd02,日,t,Di02,当,p,Jb01,我,r,Aa05,自己,r,Aa05,是,v,Jd01,ＢＰ机,n,-1,主人,n,Aj11",0
"我,r,Aa05,走,v,Hi01,过去,v,Ca11,来意,n,Df08,你,r,Aa03,顿时,d,Ka08,面,n,Bk02",0
"内塔尼亚胡,nr,-1,总理,n,Af10,在,d,Jd02,作,v,Jd07",0
"需要,v,Jc05,向,p,Cb01,您,r,Aa03,的,u,Bo29,是,v,Jd01",0
"特别,d,Ka20,要,v,Ag04,的,u,Bo29,是,v,Jd01,董事长,n,Af10,在,p,Jd02",0
"注册,v,Hc15,的,u,Bo29,应当,v,Gc03,书面,d,Dk20,理由,n,Db04",0
"说明函,n,-1,要求,v,Gb04,该,r,He08,机关,n,Da01,法规,n,Di25,规章,n,Di24,或,c,Kc01,其它,r,Ed61",0
"批评,vn,Hi21,并,c,Kc06,向,p,Cb01,笔者,n,Ae16,出现,v,Jd07,汇款,v,Hi11,搭售,v,-1,明信片,n,Dk16",0
"学校,n,Dm05,这,r,Ca31,不,d,Ie01,是,v,Jd01,奖励,v,Hc21",0
"但,c,Kc03,他,r,Aa04,没有,d,Jd08,何时,r,Ca31,进行,v,Ig03,总统,n,Af10,选举,vn,Hc23",0
"服务,vn,Hi37,为,v,Ih01,例,n,Di24,来,v,Ca03,这种,r,-1,趋势,n,Da20",0
"俄,j,Di02,今后,t,Ca12,应,v,Kb07,主动,ad,Ee23,车臣,ns,Cb08,事态,n,Da21,的,u,Bo29,真相,n,Dd08",0
"运用,v,Hj28,马克思主义,n,Dk02,基本,a,Eb02,原理,n,Db06,实际,a,Da01,问题,n,Dd09,的,u,Bo29,能力,n,De04",0
"面谈,v,Hi12,希望,v,Gb04,他,r,Aa04,能,v,Gc02,捐款人,n,-1,姓名,n,Dd15",0
"尤其,d,Ka04,需要,v,Jc05,的,u,Bo29,是,v,Jd01,这些,r,Ed61,电信,n,Di18",0
"我,r,Aa05,当时,t,Ca31,月,t,Bd02,日,t,Di02,人民日报,nz,Dk21,的,u,Bo29",0
"向,p,Cb01,事故,n,Da01,受害者,n,Ag07,家属,n,Ah01,处理,vn,He03,情况,n,Da21",0
"的,u,Bo29,财产,n,Dj03,不,d,Ie01,能,v,Gc02,合法,a,Ed45,来源,n,Ja05",0
"他,r,Aa04,同时,d,Ca03,因为,c,Kc09,事,n,Hi37,隔,v,Id22,太,d,Bo29",0
"展品,n,Ba02,要,v,Ag04,有,v,Jd07,创意,n,-1,要,v,Ag04,生动,a,Ed14,通俗,a,Ed08,离,v,Ie09",0
"也,d,Kd03,不,d,Ie01,向,p,Cb01,厂方,n,Dd05,情况,n,Da21,直接,ad,Ka25,进入,v,Hj64,车间,n,Di09",0
"她,r,Aa04,还,d,Hi27,举例,v,Da03,了,u,Ig01,海洋,n,Be05,科学,n,Dk03,对于,p,Kb04",0
"失灵,v,Ie04,无法,v,Ga12,解释,v,Hg12,和,c,Hh04,这些,r,Ed61,现象,n,Dc02",0
"原理,n,Db06,是,v,Jd01,完全,ad,Ka06,可以,v,Gc02,的,u,Bo29",0
"比喻,n,Ja01,非常,d,Ka01,精辟,a,Ed03,地,u,Di09,了,u,Ig01,先进,a,Ee37,哲学,n,Dk03,的,u,Bo29",0
"坚决,ad,Ee12,反对,v,Gb15,直到,v,Kb02,他,r,Aa04,根基,n,Bn05,仍,d,Kb07,在,v,Jd02,湖州,ns,-1",0
"科尔,nr,Af11,迄今,d,Ca11,拒,Vg,Hi32,不,d,Ie01,真相,n,Dd08",0
"应该,v,Gc03,这样,r,Ka34,的,u,Bo29,划分,vn,Hj30,只是,d,Kc13",0
"依法,d,Hi39,要求,v,Gb04,公安,n,Di08,机关,n,Da01,不,d,Ie01,立案,vn,Hc15,理由,n,Db04,件,q,Dn08",0
"报告,v,Hi15,或者,c,Kc01,向,p,Cb01,提案人,n,-1",0
"年轻,a,Ab02,的,u,Bo29,面孔,n,Bk02,这,r,Ca31,在,p,Jd02,老,a,Ab02,同志,n,Aa03,们,k,Aa01",1
"成本,n,Dj04,逐渐,d,Ka08,降低,v,Ih06,就,d,Kb04,存在,v,Jd01,规模,n,Dd05,经济,a,Di02",1
"正反,b,-1,案例,n,Da03,案例,n,Da03,大,a,Ah05,的,u,Bo29,战役,n,Di11,发展,vn,Ie12",1
"广泛,a,Ed38,的,u,Bo29,议论,vn,Hc14,足以,d,Gc02,一些,m,Eb02,问题,n,Dd09,笔者,n,Ae16,也,d,Kd03",1
"官员,n,Af10,认为,v,Gb02,枪击,vn,Hb06,事件,n,Da01,有人,r,Aa01,企图,v,Gb05,破坏,v,Id06,约,j,Je08",1
"利润,n,Dj04,的,u,Bo29,明显,a,Ed46,增加,vn,Ih05,企业,n,Dm03,适销对路,l,-1,的,u,Bo29,产品,n,Dj06",1
"这,r,Ca31,从,p,Hi39,一个,m,Dn08,侧面,f,Bc02,了,u,Ig01,旅游,vn,Hj48,服务,vn,Hi37,的,u,Bo29",1
"的,u,Bo29,省市长,j,-1,与会,v,Hj20,充分,ad,Ka03,了,u,Ig01,各地,r,Cb09,各级,r,Ed61,的,u,Bo29",1
"以上,f,Cb03,情况,n,Da21,安徽省,ns,Di02,安徽省,ns,Di02,安徽省,ns,Di02,安徽省,ns,Di02",1
"秸秆,n,-1,氨化池,n,-1,突出,a,Id02,地,u,Di09,了,u,Ig01,主人,n,Aj11,的,u,Bo29,力不从心,i,Ga12",1
"就,d,Kb04,很,d,Ka01,好,a,Je10,地,u,Di09,了,u,Ig01,这,r,Ca31,一,m,Ka16,点,q,Cb08",1
"军事,n,Di11,演习,vn,Hg06,并,d,Kc06,不,d,Ie01,约旦,ns,Di02,想,v,Gb06,与,p,Je05,任何,r,Eb02",1
"门,n,Dn08,柳,Ng,Bh01,的,u,Bo29,当选,vn,If09,了,u,Ig01,什么,r,Ba10",1
"世纪,n,Ca18,的,u,Bo29,历史,n,Dd01,反复,d,Ig04,只有,c,Jd04,在,p,Jd02,中国,ns,Di02,共产党,nf,Di07",1
"世纪,n,Ca18,的,u,Bo29,历史,n,Dd01,反复,d,Ig04,只有,c,Jd04,在,p,Jd02,中国,ns,Di02,共产党,nf,Di07",1
"国外,s,Cb05,的,u,Bo29,实践,vn,Hi04,经验,n,Da16,这,r,Ca31,一,m,Ka16,技术,n,De04,不仅,c,Kc05",1
"日益,d,Ka08,增大,v,Ih05,的,u,Bo29,事实,n,Da01,发达国家,l,Di02,实行,v,Ie13,的,u,Bo29,经济,n,Di02",1
"的,u,Bo29,变化,vn,Ih01,最,d,Ka02,能,v,Gc02,新,a,Ka12,南非,ns,Di02,的,u,Bo29,发展,vn,Ie12",1
"增幅,n,Dn01,趋,Vg,Fb01,缓,a,Jd08,也,d,Kd03,投资,vn,He01,力度,n,Dn01,仍,d,Kb07,需,v,Jc05",1
"法轮功,nz,-1,练习者,n,-1,的,u,Bo29,转化,vn,Ih02,了,u,Ig01,党,n,Di10,的,u,Bo29,政策,n,Di09",1
"及,c,Je12,的,u,Bo29,历史,n,Dd01,充分,ad,Ka03,多边,b,Dd05,贸易,vn,He01,自由化,vn,Da20,给,p,Je05",1
"这种,r,-1,情况,n,Da21,投资者,n,Ae09,与,c,Je05,企业家,n,Dd15,从,p,Hi39",1
"局面,n,Dd05,从,p,Hi39,一个,m,Dn08,侧面,f,Bc02,加强,v,Ih10,城市,n,Cb25,建筑,vn,Di10,尤其,d,Ka04",1
"高校,j,Dm05,大旗,n,-1,也,d,Kd03,在,d,Jd02,这,r,Ca31,一,m,Ka16,点,q,Cb08",1
"封,q,Dn08,什么,r,Ba10,问题,n,Dd09,都,d,Cb25,不,d,Ie01,了,v,Ig01,的,u,Bo29,信件,n,Dk16",1
"一,m,Ka16,封,q,Dn08,不,d,Ie01,能,v,Gc02,实质,n,Dd08,问题,n,Dd09,的,u,Bo29,银行,n,Dm04",1
"这,r,Ca31,件,q,Dn08,事,n,Hi37,咨询,vn,Hi18,工作,vn,Ae01,要,v,Ag04,有,v,Jd07",1
"看法,n,Df14,似乎,d,Jb03,更,d,Ca30,能,v,Gc02,问题,n,Dd09",1
"士兵,n,Ae10,们,k,Aa01,一起,d,Aj03,过年,v,Ca18,在,p,Jd02,他,r,Aa04,心目,n,Df02,中,f,Di02",1
"一,m,Ka16,点,q,Cb08,最,d,Ka02,能够,v,Gc02,这个,r,Ed61,区别,n,Dd04,这,r,Ca31,就,d,Kb04",1
